<?xml version="1.0" encoding="UTF-8"?>
<!DOCTYPE hibernate-configuration PUBLIC
"-//Hibernate/Hibernate Configuration DTD//EN"
"http://hibernate.sourceforge.net/hibernate-configuration-3.0.dtd">
<hibernate-configuration>
	<session-factory>
		<property name="hibernate.connection.driver_class">com.mysql.cj.jdbc.Driver</property>
		<property name="hibernate.connection.url">jdbc:mysql://localhost:3306/hibernatecodingchallenge</property>
		<property name="hibernate.connection.username">root</property>
		<property name="hibernate.connection.password"></property>
		<property name="dialect">org.hibernate.dialect.MySQL8Dialect</property>
		<property name="show_sql">true</property>
		<!-- create will drop the table if it exists and recreate
			update will check if table exists will not recreate
		 -->
		<property name="hibernate.hbm2ddl.auto">update</property>
		<mapping class="com.Hibernate.OneToManyBi.entity.Student"></mapping>
		<mapping class="com.Hibernate.OneToManyBi.entity.Course"></mapping>
		<!-- <mapping resource="author.hbm.xml"></mapping> -->
	</session-factory>
</hibernate-configuration>